"What Obama Just Did To Ted Cruz Is A Disgrace To America, This Is Sad http://t.co/k7WNbsHanC If this is true? What are we waiting for?"
"RT @tedcruz45: http://t.co/EX5Ch3qOsE
#TedCruz
http://t.co/iC2RLnj5m4
@CruzLeads @Jindal_2016 @TN_For_Ted_Cruz @learjetter @GOPTeens http:/â€¦"
RT @TrucksHorsesDog: #WakeUpAmerica they push Racism to divide &amp; conquer with deference &amp; chaos #WakeUpAmerica http://t.co/JQAmGdLGyS
RT @SenTedCruz: Obama Administrationâ€™s Iran Deal is Only Getting Worse http://t.co/dCb5WPbL70
RT @GregAbbott_TX: RT if you agree the Iran nuke deal should be decided by the Senate not the UN. #tcot @TexasGOP http://t.co/CTMXjIvX5i
"RT @tedcruz45: http://t.co/EX5Ch39d44
http://t.co/14w4Tg8QdE
#Tennessee April 10th,  @NRA 
@TheOnlineGunSho @Gimme_Ammo http://t.co/B1QEPeaâ€¦"
RT @seanhannity: Don't miss my exclusive interview with @RandPaul at 10PM!! http://t.co/uJCBfsMVjo
RT @FoxNewsInsider: . @krauthammer: 'Israel's Concerns Mean Nothing to Obama' http://t.co/qCHGkDzSUV @BretBaier http://t.co/Yg1ymMmlbb
"RT @thehill: Obama stops himself before ranting about ""less-than-loving"" Christians: http://t.co/sT9MHoCnh8 http://t.co/MLD9T2vDRL"
"RT @jstines3: MT @ChristianInst: I will bless those who bless you, and him who dishonors you I will curse. ISRAEL! http://t.co/OfsTk5Xj3O #â€¦"
RT @2AFight: 80% of U.S. Afghanistan casualties on #Obama's watch #tcot #tgdn #PJNET #sot https://t.co/4UUSxhI13I
RT @PolitixFireball: There's really not a way to get around it. @AlixBryan acted in an unprofessional manner. @DennyBergin @CBS6 @DavidLimbâ€¦
"RT @Ron_Hutchcraft: Wouldn't it be nice if someone took
Responsibility and Stopped #ISIS...
I nominate the Marines!"
RT @Hutch_USA: MT @2AFight: God Bless America! http://t.co/gSWKvieWod #RenewUS #PJNET @angelemichelle
RT @Hutch_USA: MT @KarrattiPaul: GOD BLESS AMERICA!! LAND OF THE FREE. HOME OF THE BRAVE. #TCOT #CCOT http://t.co/QtOMUYZlE9 #RenewUS #PJNET
"RT @tedcruz45: http://t.co/xXBVSJujvU
@RedNationRising 
#TedCruz
@TheGenZPatriot @Soniamf13 @WayneDupreeShow @RNRFlorida @RNRMass http://t.â€¦"
RT @RedNationRising: Hypocrite @BarackObama Snark At Christians But Coward When Calling Muslims/Islam Terrorists! #ReligiousFreedom #RedNatâ€¦
"RT @thehill: Ted Cruz: I welcome my ""good friend"" Rand Paul into the 2016 GOP primary http://t.co/mSUyrbKAAq http://t.co/VAagvl5SI5"
"RT @DrMartyFox: Message To The Liberal Mob &amp; Caving Republicans 

Majority Support #ReligiousFreedom

#PJNETðŸ‡ºðŸ‡¸
http://t.co/VsdFvzDaTE http:â€¦"
RT @RNRNewMexico: Obama Says Walker Needs To â€˜Bone Upâ€™ On Foreign Policy http://t.co/asHMXGlHPa What a joke Barach Hussein Obama is! #RedNaâ€¦
