"RT @ChuckNellis: Yeah, WE The PEOPLE can win the election! *Unprecedented $31 Million Super PAC Effort Backing #Cruz2016 for President http…"
"RT @mabry4849: @CorlessJones @retireleo I hear you. I have a very liberal brother, arrogant, elitist. Hates it when I talk back. SO make su…"
Some Guns are designed just for sport. Not really acceptable for Defense/War. @HarryThetech76 @Die__Trying_ @Jeff257 @MamasGotAGun @Aefauld
"RT @AbnInfVet: #LiberalLogic
The Libs Said Dan Quayle Was Not Qualified To Be President, And Obama Was?
Yes, They Are That Stupid http://t.…"
"Someone wants WalMart to close down.
How many Constitution Loving Americans will NOT shop there anymore? https://t.co/t6EpnL0vwj"
"It would be weird if #HillaryEmail is on the same server ...  
@lifebythecreek @GretchenInOK @GadsdenJazz @Coondawg68"
"Especially when this Admin takes the ""Islamic"" or ""Jihad"" out of the description. @45kelevra @jihadaeon @PatVPeters"
"RT @DLoesch: Newsflash haters: Not only did we raise $842k for #MemoriesPizza, but we also think Slager should be charged, since you want t…"
RT @DLoesch: . @blstrinthesun We raised $842k. More than what you cited. Thanks!
"RT @jihadaeon: @PatVPeters These are The First Tremors of The Movement from Stealth to Aggressive Jihad in The US
#SOULWAR http://t.co/rK1e…"
RT @THEHermanCain: MSNBC: Democrats headed for 'buyer's remorse' with Hillary - Have no plan B  http://t.co/lexn9mO7Ge http://t.co/R0X59V4A…
"My Top 5
1 Dr Ahmad A Alwan
2 Dr Chung Hwang
3 UnitedHealthServices
4 Butler&amp;Butler
5 NYS
#BrainHemorrhagicStroke @tracieeeeee @PolitiBunny"
"RT @HarryThetech76: It's sad that almost all of them occur in gun free zones where the victims are defenseless
@MsVanillaRose @GregCampNC @…"
"Thing is,Execution would take years/money.
Put him in General Pop,They'd Do it.
Save $, Still Dead.Win/Win.
@Jeff257 @xxarea83xx @5ugarcane"
RT @ChuckNellis: Using his kid for politics?!? *Obama: #ClimateChange Became Personal When My Daughter Suffered From An Asthma Attack… http…
"""President’s Lawyers Lied""
I'm Shocked. Shocked, I tell you.
Let me make my shocked face..
https://t.co/OMhc706zHQ https://t.co/O6PNGMdlfk"
"Except, I can't even afford a bag of chips... lol https://t.co/eAQjBEGQJy"
RT @texbarb: Spot on! https://t.co/Z0tfCUsACl
"And/Or
Obama's Sealed Records
Obama's DNA Results Father/Mother
""All"" of Hillary/IRS Email. 
Come on Anonymous !!! https://t.co/hNslnBgcby"
"But, Justice would be Death...
What if the Family wants Life?
@lordthx1139 @PolitiBunny"
