"@SunSportsRays @emilyausten_ #WebWednesday  Thanks to the Rays Mgmt for trading our Best Players away, and stacking the team with the JV's"
@19871955 @Stonewall_77 Maybe @TGowdySC Should Hire the Russians to Reinspect #HillaryEmail's Server
"@BULLOMETER @Patriotic1s ""I will Stand With Islam"" CHECK!!! #WakeUpAmerica"
"@AmyMek @Callisto1947 Well Now, ""The Chickens Have Come Home To Roost""!"
"@LHolloway2 @Callisto1947 ""Where's The Beef Barack"""
"@LHolloway2 @Callisto1947 Oh No, Michelle is going to be Pissed now!"
"RT @LHolloway2: He is king, alright. üò¨üò¨
King of the Whopper. 

#WakeUpAmerica üá∫üá∏üá∫üá∏ http://t.co/ykdTZv1b6v"
"@ChristiChat @TrucksHorsesDog Yes, #Obama is definitely the Enemy From Within! #WakeUpAmerica"
@LeahR77 @paphotog @HillaryClinton invented #ClaireUnderwood! #WakeUpAmerica
@TracyLConnors @Junebug1952 @msnbc You Must Like Pain if your watching MSNBC!
"@DLoesch @angelgerl320 Let's face it, Dems &amp; LGBT are Sore Bitter Losers! #WakeUpAmeirca #MemoriesPizza"
RT @petefrt: Poll: Voters say Gitmo prisoners receive better health care than VA vets http://t.co/kBl4FlJlC8 #tcot #p2 http://t.co/3ysbnC4q‚Ä¶
RT @ArcticFox2016: ‚òÖ‚òÖ‚òÖ Patriots Who Dare... Join our fight to save America! ‚û†  Click Here http://t.co/9zcD3avSUd #BB4SP http://t.co/ToFaAMt‚Ä¶
@Stonewall_77 @BlissTabitha This is all part of #Obama's plan to destroy #America from Within! #WakeUpAmeirca
"RT @Stonewall_77: #WakeUpAmerica  

...AND SOON, THEY WILL VOTE
http://t.co/ZzKNScG7dY via @BlissTabitha

#tcot #IranDeal #pjnet üá∫üá∏ http://‚Ä¶"
RT @dlb703: #IdiotKing Pleads guilty...leaves huge disaster for his successor to clean up: http://t.co/bF4EuR00OQ ‚Ä¶ || http://t.co/DPwCSaap‚Ä¶
"RT @Shaughn_A: #Obama admin: The #Irandeal is a 'forever agreement'...üòç

Like forever having #Israel's back?

http://t.co/0SxmghJA4Q http:/‚Ä¶"
RT @NaughtyBeyotch: #NTB: Islam http://t.co/1jS2SJRSRw http://t.co/HGjd9jlNYF
"@AnneBayefsky When you send Anti-Semites to reach a deal, this is what you get! #WakeUpAmeirca"
@petesnyder @RickCanton @MattDeLuca @ktumulty @RollingStone Your more likely to be hit by Lightning! #WakeUpAmeirca
