"RT @Gun_Shots: The proper course of action, when under attack, is usually to counterattack. - Jeff Cooper"
RT @irisflower33: Communist&amp;Muslim Congressmen Sponsor Unconstitutional Federal Gun Buyback Gun Control #WakeUpAmerica #tcot http://t.co/5e…
RT @ArcticFox2016: RUSSIA HACKS WHITE HOUSE ➠ Spy Ships Operating Off US Coast ➠ Video – BB4SP http://t.co/48VqJO1YLn
RT @SteKat711: Democratic Party is anti-religion! Democratic party only wants division. America we are better than that. #Don'tHate  http:/…
"RT @T_S_P_O_O_K_Y: It's time to admit that there is no Nuclear ‘deal’: critics worried about ‘dueling’ fact sheets from US, Iran http://t.c…"
RT @IsraeliPM: The Nuclear Deal With Iran: Questions Unanswered http://t.co/CnpvwkFopY
"RT @jstines3: #CommonCore is creating generations that can't read cursive, can't do simple math, can't think for themselves!
 
#SisterPatri…"
RT @ggeett37aaa: It's important you understand; the #FairTax is the only PERMANENT solution to America's financial woes. http://t.co/0ZCjzw…
"RT @ParaKeta: 216 #Yazidi civilians who were kidnapped during the #ISIS attacks on Sinjar on 3 August 2014, have been freed today http://t.…"
"RT @dubbadubb: @RickCanton The world is on fire because of Obama's actions. Nobody seems to care very much, especially the media. Why?"
RT @NahBabyNah: ‘Victory’: Federal judge ‘slams’ DOJ lawyers over ‘fabrications’ in Obama amnesty immigration case: G... http://t.co/gy6vuS…
"RT @annie_amountain: @jerome_corsi her father, Vernon is part of the plan to elect #Obama. You are the one who made all these verifiable co…"
"RT @KarenMonsour12: ALWAYS REMEMBER PEOPLE: YOUR ""IGNORANCE"" IS HIS POWER! =STAY INFORMED! @ericbolling #WakeUpAmerica http://t.co/QF2fkh5e…"
RT @Hevallo: Australian hero Ashley Johnston finally buried today. These heros who fight ISIS with YPG shame our govts! #auspol http://t.co…
RT @ChrisSalcedoTX: Sing it! The law fought Obama &amp; the law won! Judge Denies Team Obama's Request to Lift Hold on Obama's innaction... htt…
RT @KarenMonsour12: @David70BuickGSX @2AFight @2ANow @Dr_2A @Norsu2 @2A_GraphX @CTCarry @Ctguntalk @NRA @NRAILA @2AFDN http://t.co/acwfS2Jk…
RT @BikinInMaine: I only wish this were a bad joke...but....nope! He's a moron! #tcot #tlot #pjnet #nra http://t.co/4UoCAMje
RT @MarkSKrikorian: Maybe the Russian hackers can find Obama's transcripts http://t.co/7sLT5zKktj
RT @Navynmysoul1: Congratulations! Taxpayers are all foster parents now http://t.co/PRUqj1Fcmt via @worldnetdaily
"RT @jstines3: Why is it starting to feel like Repubs don't have majority in the House? 

#WakeUpAmerica #FireBoehner #PJNET http://t.co/QQs…"
