"RT @SteveSGoddard: In a shocking development, scientists have discovered that droughts are always followed by wet periods http://t.co/rjnDz‚Ä¶"
RT @eavesdropann: http://t.co/A5JaggGxtU http://t.co/cPozpnuYCp
RT @NaughtyBeyotch: Afghan Soldier Opens Fire On Americans ‚Äì BB4SP http://t.co/JZGxr1FUTp http://t.co/zJEISAxL5z
"RT @Kerryepp: Blog: Headed for financial ruin, Chicago re-elects Rahm Emanuel http://t.co/dQ3YjL0Zda"
"RT @zengadfly: .@ChristiChat You can't force prosecution (or conviction), but CAN join MILLIONS to protest at her offices DAILY to make her‚Ä¶"
"RT @ChristiChat: #WakeUpAmerica 

P‚Ä¢R‚Ä¢O‚Ä¢S‚Ä¢E‚Ä¢C‚Ä¢U‚Ä¢T‚Ä¢E‚ÄºÔ∏è

H‚Ä¢I‚Ä¢L‚Ä¢L‚Ä¢A‚Ä¢R‚Ä¢Y‚ÄºÔ∏è

#HillaryEmail
#HillaryLiesMatter
#StopHillary2016 http://t.co/Qa3Cu‚Ä¶"
"RT @davidjones720: Liberty, once lost, is lost forever. John Adams"
RT @petefrt: Norquist book: IRS assault on Tea Party saved Obama's re-election http://t.co/GnCWbxIKmm #tcot #pjnet #p2 http://t.co/OIgQug8t‚Ä¶
"RT @davidjones720: üôè Please Please PLEASE PLEASE üôè God, don't ever let anyone tell Obama what number comes after a Trillion. http://t.co/zk‚Ä¶"
"RT @GovtsTheProblem: If Colorado Democrats can't get you to raise your own taxes, they'll sue so they can raise your taxes for you. Think I‚Ä¶"
"RT @AmericanDebate: For everything there is a season, a time for every activity under heaven. -Ecclesiastes 3:1"
"RT @TrucksHorsesDog: #NoNuclearIran &amp; negotiating means WE GET SOMETHING IN REURN
Dumba$$ Kerry/Obama 

#WakeUpAmerica 
 https://t.co/G2xra‚Ä¶"
RT @usacsmret: Federal Judge Upholds Injunction on Amnesty‚Ä¶Says Obama Lied http://t.co/DMJOBqikyu
RT @davidjones720: Obama amnesty challenge could be undercut by 'Dreamer' lawsuit ruling - Washington Times http://t.co/tLBAxztdm0
"RT @roxystanton1: Done to show secure borders...Man Crosses U.S. Border Dressed as ISIS Terrorist, Simulates Beheading: https://t.co/LwVDVb‚Ä¶"
"RT @DuckGuyy42: @ChristiChat @RickCanton I can't listen to obama ,I am allergic to bullshit,I break out in a rash and I itch and sneeze whe‚Ä¶"
"RT @ophidianpilot: Judge Rules against Amnesty and Says Lawyers Misled Him 
#tcot http://t.co/Ondqwwvbam via @PoliticalOutcas"
"RT @davidjones720: Red Skelton's explains the Pledge of Allegiance 

A must watch see how thing has changed let your kids watch as well htt‚Ä¶"
"RT @RightGraphics: What we've come to expect from liberal generosity.
http://t.co/ZXLOKLCEtA http://t.co/suxV87QTJJ"
RT @tgradous: @pjamesjp1 @GOPSenate @marylene58 @LLMajer @Yvonne33333 @larryvance47 @JVER1 @qnoftherealm @LVNancy #StopLynch http://t.co/nQ‚Ä¶
