RT @mkibbe: Rand Paul's war on Washington is the fight America needs | http://t.co/KqExN4sHkf http://t.co/cgXXo7GIRv
"RT @PzFeed: BREAKING NEWS: Video shows SC cop shooting man to death; cop to be charged with murder

WATCH: http://t.co/XcBVcj92EV http://t.…"
"RT @wsbtv: Pic of #WalterScott, shot by  North Charleston patrolman: http://t.co/16r6vzVZjG (photo from @abc) http://t.co/I4r0wQJjg5"
RT @RealAlexJones: #Monsanto Employee Admits an Entire Department Exists to “Discredit” Scientists - http://t.co/JtNGU8FzJz http://t.co/tOM…
RT @PrisonPlanet: Rand Paul is the only candidate from either party who will roll back mass NSA domestic surveillance. http://t.co/EaB5pwAr…
RT @PrisonPlanet: Rand Paul: 'Why do conservatives think that a government inept at home will somehow succeed in building nations abroad?' …
@randpaul #StandWithRand #StandWithRand #PresidentPaul #StandWithRand #StandWithRand #PresidentPaul #StandWithRand #StandWithRand
"RT @RandPaul: .@HillaryClinton = hypocrisy 
#StandWithRand"
"RT @RandPaul: The #GOP needs to look more like America. I will continue to fight for a bigger, better and bolder party. #StandWithRand"
RT @seanhannity: “Sounds like destroying evidence to me.” –Sen. @RandPaul on Hillary Clinton’s email server being wiped clean. #Hannity
RT @antiwar1984: The Ron Paul Institute for Peace and Prosperity : Neocon Nervous Breakdown: Iran Framework Agreement Reached: http://t.co/…
"RT @catoletters: Neocon Plotters spread death across the globe, says Robert Parry https://t.co/i7jdDruR7y"
Don't believe the NeoCon Scum attack ads on @randpaul #StandWithRand
RT @RandPaul: Tune in to @FoxNews now! I am speaking with @seanhannity about my run for the White House. #StandWithRand http://t.co/76ajmON…
"RT @HarrietBaldwin: .@seanhannity @RandPaul Your trolls are hysterical.
 #KeepFightingTheGoodFight

#Hannity"
"RT @seanhannity: TUNE IN: It’s a full-hour with Sen. @RandPaul after his 2016 presidential announcement from Louisville, Ky. #Hannity"
RT @reason: South Carolina Cop Charged With Murder After Video Shows Him Shooting Motorist in the Back http://t.co/zxWjFoupdo
"RT @reason: The Drug War, Not Terrorism, Brought Us Mass Surveillance http://t.co/EDQzOfk3Xj"
RT @reason: Rand Paul Vows to Stop NSA Spying 'on Day 1' of Presidency http://t.co/bIhRYNez8T
RT @reason: Signs point to YES: Will @RandPaul be first prez candidate to make marijuana reform major issue? http://t.co/eOgCRtVZdP cc @bil…
