"RT @Fact: Being in a relationship is not about kissing, dates or showing off. It's about being with the person who makes you happy."
Change so far b4 and in my lifetime. It just seems that women's rights have gone forward yet really back #equality  https://t.co/ZeGxHrBYTe
@cnnhealth @CNN- A story about infertility they and they don't discuss how rates have &gt; since the introduction of #GMO foods @NonGMOProject
RT @UnreveaISecrets: Dennis Kozlowski: Net Worth ‚Äì $600 Million http://t.co/kabPVeJTff
RT @UnusualFactPage: http://t.co/sOdtZmyM3z
Omg this happens to me almost every night!!! https://t.co/1EyXLGC4JD
"RT @CanProveIt: #CantStandRand! 

Via Americans Against the Libertarian Party on fb. #UniteBlue http://t.co/SHKyhHC7Am"
RT @VABVOX: @ukschizophrenic We only have marriage equality in some states.We don't have federal protection against discrimination. @Bipart‚Ä¶
@VABVOX @Bipartisanism it makes me sick@RandPaul would really say something that! NO way to get more votes from the many who support women!
RT @Khanoisseur: Growth hacking http://t.co/bmF06uL1pO
"RT @NonGMOProject: Nine out of ten consumers want GMO labeling. Consumer advocacy groups, who oppose the Dark Act, are instead... http://t.‚Ä¶"
RT @CommonMkt: RT @streuhaft: The poor still pay more: 60% of income for housing + food vs 40% for wealthiest http://t.co/N2INwlSEHy http:/‚Ä¶
RT @CommonMkt: RT @CivilEats: How One Visionary Changed School Food in Detroit http://t.co/HpWH6NQT05 http://t.co/o1NboAzVOG
RT @BarbaraBorycha: HELP http://t.co/VWD1hSiVlA #calf #farmanimals @_AnimalAdvocate @MariaMiaow @Bugzbni @Freedom_Farm_ @ua4a @DidiFrench h‚Ä¶
@Ginger_Zee my fav meteorologist @GMA you look especially fabulous this morning!! I love your dress! You are so talented and beautiful! üëä‚úåÔ∏èüòä
RT @RT_com: BREAKING: Reports #nuclear #submarine on fire at Russian shipyard http://t.co/Mtk3JTjb3M http://t.co/LobQ54pBDM
@NationalParkUSA @NYstateparks Family and I had wonderful time at the #1 Letchworth State Park for Easter@ Glen Iris http://t.co/vUjLqK05AH
RT @EPA: Radon is the #1 cause of lung cancer for non-smokers. Test your home during National Public Health Week: http://t.co/LInR5Ec8O1
"RT @GHRideForDad: Join us Sat June 20 2015 for the 10th Anniversary Golden Horseshoe Motorcycle Ride For Dad!

http://t.co/7txG4e2OJ9

http‚Ä¶"
"RT @ScottLucas_EA: #Syria Daily: Opposition website posts photos of 52 slain children among pics of 11,000 abused &amp; killed detainees http:/‚Ä¶"
