"RT @globalphillyTM: This April 17th, let's discover Philadelphia's City Hall, one of the City’s most iconic buildings, the largest... http:…"
"RT @ShiftSoil: #DidYouKnow: that today, 748 million people around the world still have no clean water to drink?"
"RT @brooklynmag: ""Project Lives"" documents life in the projects from the inside-out @ProjectLives http://t.co/A9RSDk2RZO http://t.co/KVwFfx…"
@JulieRWoodhouse @philacity LOAM claimed that silk scarf
RT @MoManklang: @DerekSGreenEsq Do you know about the @PhillyCoops scene? Also an area that needs attention/promotion #GoodEconomyPhilly
"RT @followthelede: According to March report by Physicians for Social Responsibility, death toll from 10 years of U.S. war on terror is 1.3…"
RT @KLGajewski: Check out LA's just-released Sustainable City pLAn. Kudos to @ericgarcetti and @mattspete. http://t.co/srBb2Nlblj
"RT @DrBirute: As I said, #vervets are adaptable. Louis Leakey warned me that the vervet monkey was looking at my sandwich but I didn't beli…"
RT @DrBirute: My own experience in Africa taught me that #vervets also like cheese sandwiches as one was literally snatched out of my hand …
RT @DrBirute: Elsewhere there seemed to be #vervets everywhere! At least in the 10 or so countries I've visited in Africa. Obviously not in…
RT @DrBirute: #Lemurs&amp; #Madagascar were another favorite in Africa. Very much liked wilderness of #Zambia as well. Few visitors &amp; gentle lo…
RT @CommunitOurs: @aMMPh @philacity @TCK9ine @3dgriffiths Translate from #Bulgarian http://t.co/LdmsFA4BJc
RT @leifutne: The Leif Utne Du Jour is out! http://t.co/QMEvvp0OBc Stories via @JillFilipovic @uptakemn @aMMPh
"RT @DrBirute: During  my travels in Africa, encountered #vervets repeatedly over a no. of countries but never had the good fortune to see #…"
"RT @DrBirute: Perhaps more adaptable &amp; opportunistic, #vervets also use a second habitat, fever-tree Acacia riverine habitat."
"RT @grpetersen1: Myeloma ignorance is not bliss, but is just ignorance, and potentially deadly.  #Myeloma just ""GETS NO RESPECT""! https://t…"
"RT @Food_Tank: ""For every dollar spent on food aid, approx $.58 goes to shipping and overhead"" https://t.co/UHdnWwrmrT #FoodTank http://t.c…"
RT @CleClinicMD: Cancer patients’ psychosocial issues merit as much attention as other aspects of treatment. Follow us for more info! http:…
RT @iPhillyChitChat: #MalcolmGladwell @ArtsBusinessPHL at UofP. Great crowd. Great biz talks series http://t.co/GpiXmhwbb9
RT @Generocity: .@Gladwell speaking today at @pennmuseum! @ArtsBusinessPHL #PHL #Malcolmgladwell http://t.co/iyswlb6i8a
