"#Pop, #Rok, #Estrada, #Şanson musiqilərinin canlı ifası.. @ Портер Паб https://t.co/ZZxRcGPOzQ"
"Молодежь #Азербайджана атакует #Билайн #BoycottBeeline #Azerbaijan #Russia #boycottbeeline #Karabakh #Beeline
http://t.co/2oYo0E9Iwd"""
RT @GulselSafarova: «Beeline» хватит поддерживать незаконный режим сепаратистов на оккупированных землях Азербайджана @Beeline_RUS
#Beeline прекратите поддерживать агрессию и оккупацию против Азербайджана @Beeline_RUS #Azerbaijan #Karabakh http://t.co/T90agAKibq
#Beeline хватит поддерживать незаконный режим сепаратистов на оккупированных землях Азербайджана @Beeline_RUS http://t.co/KffpUOAgOi
#Beeline поддерживает незаконный самопровозглашеный режим армян #Azerbaijan #Karabakh @Beeline_RUS http://t.co/HbhDtSTPi1
Прекратить незаконное сотрудничество между #Beeline и «Арцах Телеком» #Azerbaijan #Karabakh @Beeline_RUS http://t.co/TSyKLQvlD3
Роуминговое соглашение между #Beeline и «Арцах Telecom» - вмешательство в телекоммуникации Азербайджана @Beeline_RUS http://t.co/3fEgaUpx3v
#Beeline демонстрирует высшую степень неуважения по отношению к #Азербайджану @Beeline_RUS #boycottbeeline http://t.co/8KeBnZWIWG
Экономическая деятельность с самопровозглашенным режимом на оккупированных #Арменией территориях #Азербайджана неприемлема @Beeline_RUS
Недопустимы контакты с самопровозглашенным режимом на оккупированных #Арменией территориях #Азербайджана @Beeline_RUS http://t.co/Emebi3naaa
«Beeline» прекратите поддерживать армянских сепаратистов #Azerbaijan #Karabakh #Beeline @Beeline_RUS #boycottbeeline http://t.co/kiBVdYJTcu
Российский «Beeline» поддерживает армянских сепаратистов #boycottbeeline @Beeline_RUS #Karabakh #beeline  #Azerbaijan http://t.co/7m01zGYahN
#RoshenBand #Ukraine #Киев @ Ocean Plaza - Океан Плаза https://t.co/8UDzQJidxg
#Azerbaijan #Baku2015 #BEG #HelloBaku #KnowAzerbaijan #europeangames #Baku http://t.co/pxzh4xqkx7
"RT @SenanNajafov: #armenia #azerbaijan
За измену военной присяге Андраник был подвергнут наказанию - ему отрезали ухо. За это его... http:/…"
@milliel_news @Beeline_RUS http://t.co/dBxxNACo7o http://t.co/ZiwbvmdwCT
Российский «Beeline» поддерживает армянских сепаратистов #Azerbaijan #Karabakh #Beeline @Beeline_RUS
«Beeline» прекратите поддерживать армянских сепаратистов #Azerbaijan #Karabakh #Beeline @Beeline_RUS
Недопустимы контакты с самопровозглашенным режимом на оккупированных Арменией территориях Азербайджана @Beeline_RUS  #Azerbaijan  #Karabakh
