"عــــــــــــــاااجل  || حلب | 
الثوار يستهدفون مبان لـ #قوات_النظام في #ميسلون و #السيد_علي و #الحميدية ويردون عشرة عناصر قتلى"
عــــــــــــــاااجل ||  الطيران المروحي يلقي ب 6 براميل متفجرة على مخيم اليرموك ب #دمشق
"قناة ""سورية الغد"" تؤكد عدم تدخلها في الشأن المصري الداخلي وأنها قناة محلية سورية تلتزم بمعيار الشفافية الإعلامية..."
"الأمن المصري يداهم قناة “سوريا الغد” المعارضة للأسد
.. http://t.co/YSAIMbxbul"
"شام || درعا || الجيزة  || طفل يصرخ جراء إصابته بقصف الأسد 8 4 2015 تحذير الفيديو قاسي
.: https://t.co/nW0WOeQXcc http://t.co/HJEX1xSsY6"
شام ||  درعا || الجيزة || الشهيد عبدالكريم المقداد 8 4 2015 تحذير الفيديو قاسي جداً: https://t.co/lwflWRgMHh http://t.co/pgOmfIyFYo
"شام || درعا ||  الجيزة || الشهيد الطفل عبدالله خالد سويدان 8 4 2015 تحذير الفيديو قاسي جدا
 https://t.co/1mt505x3PV http://t.co/CYwNj1lQtz"
"شام  || درعا || الجيزة || الشهيد الطفل وليد خالد سويدان 8 4 2015 تحذير الفيديو قاسي جدا
 https://t.co/PAlGtYFCQO http://t.co/HUmOoetqRe"
"شام إدلب اسعاف الضحايا جراء قصف الطيران الحربي على المدينة  جـ3 .
 https://t.co/Pmwumk2gsd
الفيديو قاسي جدا http://t.co/1js882HPCS"
"عــــــــــــــاااجل ..الدفاع السعودية: استشهاد ضابط وإصابة 3 آخرين خلال الرماية بالذخيرة الحية
.. http://t.co/4YN86ZXR1x"
"عــــــــــــــاااجل.. 10 قتلى من أسره واحدة بقذيفة اطلقها الحوثيون
.. http://t.co/8DHGb6JbzY"
"داعش يقتل 31 بينهم قيادي في ""النصرة"" بتفجيرين انتحاريين في سوريا
.. http://t.co/ny7nts0AOD"
"عــــــــــــــاااجل..اليمن: مقتل 8 حوثيين في كمين للمقاومة الشعبية
.. http://t.co/IP7fyZstzg"
"| عــــــــــــــاااجل  | #اللاذقية | 
الثوار يستعيدون السيطرة على تلة في محيط برج زاهية بجبل التركمان ويقتلون 7 عناصر من قوات الأسد"
"#إدلب

كاميرا سمارت داخل فرع الأمن الجنائي بإدلب ترصد صور ووثائق لجرائم النظام

http://t.co/ZwMgkRGnwq

#سوريا http://t.co/CIJeX1OoFv"
RT @sho3035sho: سُبحانَ اللہ وُ بحِمدهَ عددَ خلقه ورضَا نفسه وزنة عرشه ومدادكلماتهٌ سُبحانَ الله وبحِمده سُبحانَ اللہ اَلعظيم ...!!
RT @sausan_14: #صدقة_جارية_لوالد_المدمر http://t.co/3RZAvc6DLt
"RT @jde_____12: #الجبهة_الإسلامية
#أحرار_الشام
#فيديو نسف حاجز القاهرة قرب قرية البارد في #سهل_الغاب بريف #حماة بسيارة مفخخة
https://t.co/O…"
RT @jde_____12: الهلال الأحمر الكويتي يوزع مساعدات على 350 اسرة سورية نازحة في جبل لبنان    http://t.co/RQbUn9tWZZ http://t.co/6quZzKhZ5W
"RT @jde_____12: #درعا_الجيزة
اخوان بالدنيا واخوان بالاخرة
الشهيدان الاخوين :
وليد خالد مرعي السويدان
عبدالله خالد مرعي السويدان http://t.co…"
